{
    "rmse": 0.7045066841149694,
    "mae": 0.5560786853199461,
    "r2": 0.24826298172050942
}